College_Name,12th_score,MH_CET_score,JEE_score,Admission_Status
Phillips-Wong,95.0638423530232,55.80605771752965,87.82197266784775,Admitted
Liu LLC,94.49268981339222,64.77471324817962,197.99168129706837,Admitted
Obrien Ltd,60.17671406729721,63.3360325911237,281.53377514478296,Admitted
Brown Group,86.19954796028033,85.08181998874107,142.6856395365668,Not Admitted
Smith-Smith,74.03879502119374,83.43064612696918,130.32703759570498,Admitted
Wood-Jackson,76.74122854965319,62.31041712778213,201.37778492411917,Not Admitted
Pena PLC,68.36602038451053,75.9528289886147,49.2718858254191,Admitted
"Guerrero, Johnson and Clark",71.10406958151589,73.18099090133533,175.238512923127,Admitted
"Thomas, Wilson and Spencer",68.42031068903485,54.5330107812878,102.50311817802394,Not Admitted
Woods-Jenkins,81.30342107723796,77.10051735469602,250.3755663464698,Admitted
Pierce-Smith,92.536767955286,96.94293035489966,201.98921001131012,Not Admitted
Boyd and Sons,95.60368677522575,56.980826618934174,12.798564632003542,Not Admitted
Stafford-Chapman,99.52564138178127,74.34347943792045,240.6791206905432,Admitted
Schneider and Sons,99.71671627542372,54.06521137304334,243.87229147020335,Admitted
Hernandez PLC,74.97368114198343,73.39707778264864,320.5354110993394,Not Admitted
Kline-Parks,85.58341198616864,84.69462289886233,334.3365039390868,Admitted
"Patel, Brown and Thompson",68.52895323048963,56.452973428673616,215.85570132005319,Admitted
Bradley Ltd,60.44704136534073,60.40015511802654,231.39349157817148,Admitted
"Lawson, Carter and Jones",63.57303573392859,97.73488284711593,206.29695800477506,Not Admitted
Williams LLC,98.28425901473605,70.83221389509681,139.92479582187852,Not Admitted
Zimmerman-Clark,67.01197416760682,69.23193689974698,171.87533596261562,Not Admitted
"Edwards, Martinez and Thomas",91.75574888113464,79.70450878112308,149.6708850185208,Not Admitted
"Mcdonald, David and Ray",74.10711596424227,85.0737868450349,230.30492506198968,Not Admitted
Rodriguez PLC,97.99616270133379,62.963268461667056,255.2603643360738,Admitted
"Griffin, Benson and Sutton",81.17109090231693,69.79007318133635,312.61634233342875,Admitted
Cantu-Craig,92.26529501414227,55.33829569922564,342.6615101575952,Admitted
"Yates, King and Brown",94.52022087342314,78.24861050431889,78.8228149744859,Not Admitted
Hunt-Wagner,79.78220390681592,85.34982490829006,347.24996259784245,Admitted
"Downs, Johnson and Matthews",69.66210345114989,52.195241943338715,113.3583502863247,Not Admitted
Moore-Lopez,80.91259364137557,79.10556478544774,110.1611390984689,Admitted
Clark Ltd,74.01941779431604,85.63776456343034,148.01544841530603,Not Admitted
"Edwards, Anderson and Huff",90.23703694781693,66.1174837236089,248.23850712703904,Admitted
Rodriguez-Bell,89.51837651349373,59.257291599802535,344.54268920429115,Not Admitted
"Rivera, Morris and Ramirez",63.69496139262141,56.006791458417375,71.11205238346265,Not Admitted
"Lee, Johnson and Clark",81.4799989317026,51.340769052230776,281.9040321917949,Not Admitted
"Cain, Martinez and Gomez",79.2697549230581,97.34154665058047,255.0951648538939,Admitted
Williams Group,72.72290184927675,62.032685815043486,176.51818256390632,Admitted
"Wright, Freeman and Riley",95.81119621440513,94.16301354127239,335.0673344529378,Not Admitted
"Johnson, Clarke and Kent",89.04344736838178,88.63299468963604,48.258441798714934,Admitted
"Weaver, Smith and Haley",72.78485744611858,93.26051067036468,295.1452189691096,Admitted
Thompson-Moore,91.61398028877919,58.41832439039502,100.52886209837264,Admitted
Bishop-Williams,84.271485931341,64.66763481972657,16.90666267433365,Admitted
"Kelly, Barnes and Gray",81.81209650995325,70.60100921488402,334.149819349176,Admitted
Allen and Sons,82.58516036000208,79.26216113290435,289.19677013027234,Not Admitted
"Young, Evans and Mcmillan",89.63551988489888,86.99518604350325,238.75461999593364,Not Admitted
"Benson, Aguilar and Brown",83.33773526210145,83.80847798420763,308.33754224759565,Not Admitted
Phillips-Le,73.8493116349184,98.96072458451073,277.76076832882467,Not Admitted
"Brown, Warner and Wilkinson",91.10338685370537,96.09811316277342,356.1499931361891,Admitted
Robbins PLC,85.97278228356555,60.12227037188846,140.2434067210388,Admitted
"Williams, Banks and Wilson",98.72057112698496,54.2246117681077,109.28440489446236,Not Admitted
Smith-Parsons,99.28521298008852,96.36185041130221,160.62162158297787,Not Admitted
Cox Ltd,92.19033757933897,69.65862539325892,118.71364620376464,Admitted
"Palmer, Hensley and Smith",88.64298861899107,62.32423778801564,205.7267802385494,Not Admitted
Golden-Anderson,72.4750340071472,86.97846083440974,111.02593765506404,Not Admitted
Ellison-Warner,66.47146415957069,75.00170463685441,110.55317670096238,Not Admitted
Rios-Terry,80.83117450818631,52.19975835228874,225.02922188498388,Not Admitted
Wells-Diaz,65.87991703237651,93.08884732325345,313.5522271852522,Not Admitted
"Peters, Hayes and Jennings",66.27738925131361,52.0047542463628,220.95084371674153,Not Admitted
Jenkins Group,73.65729748138801,72.91290893601169,355.9368931893425,Admitted
Madden and Sons,75.39408236650522,76.34192495696054,357.2418280807939,Not Admitted
Long PLC,86.24081428552607,50.05887296328883,231.21460454853826,Not Admitted
Sullivan LLC,67.49458448458877,89.62666903741575,224.7361031119478,Not Admitted
"Mcdaniel, Sparks and Young",99.4288463135922,63.31957376521648,232.3948528265143,Admitted
Moon-Hayes,85.74367386970513,58.41827765944548,272.76111212599403,Admitted
"Mendoza, Carroll and Frederick",70.91008009830216,77.91685044074187,136.09866201178292,Not Admitted
Davis-Barnett,97.9654262207173,88.66125283701777,105.30310078961679,Not Admitted
Stewart-Henry,98.19587596020801,72.80205255330739,149.63334508374862,Admitted
Schmidt Inc,90.6303832510008,63.3453685880266,210.67409592518953,Admitted
Campbell-Hernandez,62.202361693033495,67.14890862955583,159.79669839441792,Not Admitted
Taylor Group,65.12613722281435,61.44779477396573,340.7069222572963,Admitted
Moss LLC,87.10709685618576,91.4846566352137,224.6491445844141,Admitted
"Cochran, Thornton and Smith",86.58555233159632,59.75726904684895,92.42819753182094,Not Admitted
"Lee, Fitzgerald and Cunningham",72.12020697626222,71.9846972648915,188.9275897017373,Admitted
King and Sons,99.75331299415231,50.92651879585189,217.26243123563012,Admitted
Craig-Shaffer,71.1790395901823,75.66203188158832,170.00692651628265,Not Admitted
White-Campbell,60.34333283537653,88.2030473848703,88.84326571220937,Not Admitted
"Torres, Floyd and Gay",97.23265943596675,90.44553967496299,116.1647072689129,Admitted
Lewis LLC,66.52646154040622,93.61029184399302,123.0340963963415,Admitted
Russell-Wilcox,91.96103771745375,65.84187177519473,323.5772742692936,Not Admitted
Waters Ltd,76.57540909513605,58.51970523889989,148.21472886009732,Not Admitted
"Joseph, Douglas and Parsons",88.05536914304037,93.79932429038996,60.648984715339985,Not Admitted
Thornton-Anderson,88.19925771166243,96.5149651031601,130.63367697926802,Admitted
Tran-Lane,71.83221718603777,98.37327174213378,255.13596358320908,Not Admitted
Blake-Manning,92.04116227181483,97.91328463971314,37.830992199542635,Admitted
Miller-Lozano,97.73436965254567,91.15389157701088,143.36271919454438,Admitted
Douglas-Shah,66.53496480668882,82.48426029267702,152.31740974168324,Admitted
Williams PLC,65.9368531495435,58.118799117790175,226.9593263423262,Admitted
"Gomez, Joyce and Mitchell",83.26749890701106,87.99121291083188,276.70098606745,Not Admitted
"Gonzales, Phillips and Hobbs",69.58267366285472,77.2941964324665,307.25114084056486,Admitted
Sutton and Sons,94.76528888749934,60.3748457632768,37.05450387343784,Not Admitted
"Heath, Brown and Campbell",64.71354119355902,54.90105176420678,58.6008043311421,Admitted
"Faulkner, Kelley and Swanson",69.3131456231967,98.67062833293443,339.44886841686395,Not Admitted
Cunningham and Sons,88.83722938635705,58.670538938427704,200.5829717067205,Not Admitted
Walters-Chambers,79.44771708452217,55.086154263419765,38.833591114282285,Not Admitted
Roberson-Vega,65.55244775886511,65.24429117258944,352.49952518981735,Admitted
Gregory Inc,96.83589421655013,66.06423746823391,198.3298405783653,Admitted
"Larson, Mcgee and Lee",85.69435914409607,78.15713625842085,266.8233176070648,Not Admitted
Adams-Wolf,95.27446999525657,76.08214440251577,128.31650697080974,Admitted
"Johnson, Williams and Lewis",74.22105529024941,60.297205795281954,280.48092551925873,Not Admitted
Valenzuela Inc,67.76017531511721,88.80930816807901,291.0247717239355,Not Admitted
Joyce-Keller,61.855063730482954,83.65344444384183,189.2329601236986,Admitted
Hart-Romero,71.86162394102884,71.8142479408161,82.17133145071034,Admitted
"Gibson, Price and Benton",94.53552552052285,54.68901913767751,232.0468226930056,Admitted
Cox and Sons,61.919502325626766,66.65020316677581,341.3545307671728,Admitted
Jones LLC,90.71495277263153,54.94779001287681,152.23510312025505,Not Admitted
Price-Gilbert,62.036633876225274,65.95311324264613,87.26270481217044,Not Admitted
Sparks-Koch,68.42872666668377,88.5513828193335,221.77753645694528,Not Admitted
Johnston-Carlson,96.33632919511659,56.8247190338853,315.87327855061176,Admitted
"Moyer, Rivera and Pratt",85.81675629343479,78.1559799489043,257.1089017960365,Not Admitted
Perez Group,98.99755771776518,71.6943712870944,109.37437079705141,Admitted
"Johnson, Collins and Miller",65.49451360215741,57.792708224656586,270.31968325705924,Not Admitted
Tucker-Tucker,79.02097067470677,86.62564445360942,79.29084586313415,Not Admitted
Hobbs-Bolton,80.46337074230634,93.27831449951084,129.33554219755288,Not Admitted
Holmes-Hill,78.25032425451548,61.35612239385626,188.0520454900323,Not Admitted
Rodriguez Inc,84.8080643754675,97.30507849225882,150.63686279400747,Admitted
Mueller and Sons,98.47850835868955,63.8552614783637,112.8863365287426,Admitted
Harper-Butler,68.85726493915686,92.86037433727486,309.4224791633267,Not Admitted
"Rhodes, Ortiz and May",71.42661292796248,93.46199719739141,201.41863756350912,Not Admitted
"Dickson, Love and Williams",94.0089059483474,98.7795423260541,324.7853312832845,Not Admitted
Brock-Estrada,66.44446842576517,85.6891187169104,31.713892429111134,Not Admitted
Fitzgerald-Parker,98.037719783196,83.86054682742625,39.22095529912115,Admitted
"Rivera, Walton and Harrison",65.40393281408473,64.51662968872235,30.490054942334346,Admitted
"Moore, Klein and Armstrong",65.76980069765031,50.28768229286635,320.7777570489233,Not Admitted
Roy LLC,68.44557594769663,97.63693575543695,330.5511147060625,Admitted
Perez PLC,83.49501763306966,75.9659947397793,115.90924746124628,Not Admitted
"Anderson, Perry and Ramirez",76.52479860296225,72.41939111916585,76.16553220194169,Admitted
Kirk-Griffin,89.14742728170138,54.78901725967834,229.08081417020844,Admitted
"Gonzales, Morales and Mccormick",80.88943967295117,87.0900206162966,38.22978896111341,Admitted
"Reyes, Thomas and Williams",65.41551712012031,55.012566229406616,290.81131285825194,Not Admitted
Bray-Fuller,68.90173292938199,65.66033287535727,262.04390137327636,Admitted
Grant Ltd,97.98273686544266,77.13620628424175,220.58962440535106,Admitted
"Moreno, Smith and Chan",81.56748256396571,63.39978401176097,58.672403320881934,Admitted
Cole Ltd,63.90992441419194,93.76143353957275,66.95809330288638,Admitted
Townsend-Mercado,62.79246945279587,69.1000261089006,2.5171802861171377,Admitted
Watson-Williams,70.033933048567,99.19912579264134,145.27576333789682,Not Admitted
"James, Parks and Thomas",85.09399474762625,82.94945087250468,214.5799308547948,Not Admitted
Vaughn PLC,94.47549090506611,75.48204077837713,249.79491235961362,Admitted
"Beasley, Martinez and Murphy",68.8490444019577,54.61244738318845,310.2263376931439,Not Admitted
Salazar PLC,99.32420182964297,51.497248746180766,269.39420374799295,Not Admitted
"Hawkins, Miranda and Young",80.53144050647882,79.11809386663674,108.05374981487455,Admitted
Coleman-Barnes,97.01688761218404,91.37675350043679,153.1614529295441,Not Admitted
Jackson PLC,78.60022506031325,87.7625066361255,274.9595051575044,Not Admitted
House Ltd,74.74850790056698,91.61827289495398,154.6851134922102,Admitted
Taylor-Curtis,60.332739436251515,82.41708979051138,286.0222730115551,Admitted
"Fisher, Horn and Harmon",84.0289090764804,94.04627994536024,248.95942268740797,Not Admitted
Davis Ltd,75.40752537673296,77.43921915062809,190.60043398397693,Not Admitted
"Adams, Bolton and Carpenter",93.99151355920952,68.17723586553726,177.29820892815277,Admitted
Velez LLC,77.07469365712686,96.47686186148813,227.03168659223735,Not Admitted
Hanson-Bennett,82.77549779674561,67.7006093491964,356.29680239195727,Admitted
Wells Ltd,83.63489250040021,94.05845302381198,193.20146306898422,Not Admitted
Kelly Ltd,70.1696861031379,57.037745962551135,17.008087029016107,Not Admitted
Harris-Cardenas,94.95351467325713,85.4122147187952,291.2105487307022,Not Admitted
Robinson-Parker,84.7570753519947,86.49339733152132,310.3750496274335,Not Admitted
Kelly-Harris,81.80198901657111,66.39189281079172,274.102125358436,Not Admitted
Olson and Sons,80.817768512039,72.92483140104768,5.5755142631887855,Not Admitted
Anderson Group,83.40297990197398,58.93167142641267,329.2889556150732,Not Admitted
Travis-Gonzalez,64.67629302391344,93.5557327308176,347.1353530752179,Admitted
Johnston-Porter,92.26204648230889,90.7097942570388,112.88065376128604,Admitted
Vazquez and Sons,87.23657542923374,89.26052079746354,286.5071852127459,Not Admitted
Holland-Garcia,98.83704407531194,76.89277426143117,315.9428897340835,Admitted
"Parrish, Bishop and Best",73.64173884803304,57.83731760095094,300.0440893375632,Admitted
Gross-Vazquez,87.4045609907738,81.14340376868304,326.40640528022186,Not Admitted
"Dominguez, Davies and Clark",75.01577380109151,90.16144290025932,209.77815709358873,Not Admitted
Harrison and Sons,73.50764980687467,67.9263480653394,121.23487618286393,Admitted
Yang Group,88.9806064731545,52.641800501363335,305.99028550731174,Not Admitted
Long-Harris,89.02984450352827,84.62729509167855,163.78389145667848,Admitted
Martinez-Graves,62.22933443189956,94.5400841045832,306.088172076703,Admitted
Gilbert Ltd,87.63418296019637,57.900647054121876,218.36525391549705,Not Admitted
"Lewis, Johnson and Norton",94.58494281710998,95.93899168320824,347.0769847007344,Not Admitted
Miller and Sons,96.46253498240607,98.3020894989742,8.82498458634107,Not Admitted
Willis Inc,86.24349697949657,88.5381950758717,133.1005785808829,Admitted
Davis-Hebert,64.46857714962601,90.51782995882033,287.7981448430973,Admitted
Carroll LLC,61.18370384591577,67.30268794950908,238.45710886318426,Admitted
Moore LLC,87.80055918718264,82.89240893100825,57.72369838027543,Not Admitted
Gordon Group,89.80791740443634,78.84389729796938,178.06700242922534,Not Admitted
Keith-Wells,89.76504075967614,62.462836505361054,6.380066955552093,Admitted
Ellison-Young,88.11353355088758,87.08651927461352,80.91355249808758,Not Admitted
Myers and Sons,91.46728406173173,70.47586400060123,272.3541534783341,Not Admitted
Foley-Phillips,96.12217045607301,62.94195926937585,309.6287370577865,Not Admitted
Delgado-Padilla,68.61332599969978,55.76610940033245,36.069190329683096,Not Admitted
Holland Inc,83.8616881701961,66.94359646181138,72.02109807017091,Admitted
Adams-West,90.73113386903361,73.25168630138108,307.1094133223121,Admitted
"Noble, Newton and Garner",82.1760367119939,93.71708270585779,88.2177910128158,Not Admitted
Solomon-Henson,71.45745584499008,84.21249424287714,62.57489530664441,Admitted
"Peters, Bailey and Coleman",66.48562680462238,60.64016531802274,24.319587288080413,Not Admitted
"Fernandez, Mcclain and Lucas",94.28790167792695,86.18680293065101,81.34343493276364,Not Admitted
Joseph-Clay,86.35952527919513,91.48988237177653,189.6785428324891,Admitted
"Meyer, Rowe and Smith",64.287036805783,88.71106493833256,43.60616878126922,Not Admitted
"Gray, Kelly and Perkins",90.73545852635519,56.21997424546622,13.193282709394714,Not Admitted
"Russell, Jones and Maldonado",87.49413068511348,75.40868293377423,48.42907463424423,Not Admitted
Shaw-Carroll,78.57072707721348,76.3659357133688,176.6220938413199,Admitted
Hughes-Beck,96.44829993927684,69.13006659090064,71.14002791291405,Not Admitted
Silva and Sons,79.3660759342866,63.93651538450185,222.23236541577276,Admitted
Velasquez-Page,82.69346908403958,86.64038256699433,358.22042472836426,Not Admitted
"Steele, Griffin and Brown",91.69425884565018,87.65743356653806,13.385353798947177,Admitted
"Jones, Chapman and Clark",68.91432971987052,98.4494962007056,223.74269255403547,Not Admitted
"Miller, Morris and Stewart",61.518116262608935,78.0324782505883,352.216719464655,Not Admitted
Bennett-Williams,68.37586910586185,65.64287251062046,238.18699107144093,Admitted
Williams-Baker,81.02270628213999,64.79772053537921,30.90891409801341,Admitted
Kim-Smith,61.281249370500376,83.21402759137314,171.3633199440119,Admitted
Ross-Barrett,90.5171522678236,76.16295156712873,331.26012358418296,Admitted
Strong-Riley,68.36724885907768,50.67699587406596,105.99532901952385,Admitted
Hall-Steele,72.21321085036746,80.98810904107432,179.8554906986595,Admitted
White-Andrade,82.98861549116273,68.4050935761253,288.8007242875884,Admitted
Orozco PLC,91.25223225836498,79.11292112351038,212.9459290476948,Admitted
"Rodriguez, Martinez and Armstrong",70.29821414394736,61.7662752755503,72.47209399850762,Admitted
Payne-Ho,65.93092145347704,72.85479124452166,289.1316160503737,Not Admitted
Smith-Liu,72.46851845189158,57.83471892407749,357.06861501505017,Admitted
Newman-Hill,64.0239905864422,61.755114194656976,155.9437385545221,Admitted
Powell-Simpson,61.7802348545676,65.74643761134894,256.4719744189064,Not Admitted
"Ross, Paul and Richardson",74.63179371801559,56.85557276708114,125.48634799883197,Admitted
Boyer-White,77.09746914825516,57.00958849595317,189.82784305297983,Not Admitted
Mendoza Ltd,64.04771559299795,65.55149725094925,28.256086412353692,Not Admitted
"Klein, Moore and Mendoza",77.14423465284472,58.3685045690729,75.53380984237195,Not Admitted
Anderson PLC,83.75001635121421,88.01466292844727,147.08255521361497,Not Admitted
Johnson-Jackson,75.39276158960972,97.77665818219766,316.73049261777595,Not Admitted
"Calhoun, Juarez and Jones",81.44576208659704,95.601027658077,294.4288419188291,Admitted
"Carrillo, Perez and Fox",78.16657190621589,65.23805383872126,297.9850065595568,Admitted
"House, Hunter and Bright",66.68270566326355,55.1034268527997,267.7881700024383,Not Admitted
"Roberts, Fox and Hardin",76.46524786914475,85.42944431091362,88.33507244040308,Not Admitted
Chen-West,67.8368004295925,56.10883291588591,323.6839111101181,Not Admitted
Orr-Scott,89.89293843283733,84.85633216412333,157.6480607380422,Admitted
Carr Inc,87.46915943954849,61.716264231752525,145.70177699792808,Not Admitted
Mitchell-Torres,92.07395077883359,97.57833489673428,111.63115540135617,Not Admitted
Garcia-Brown,78.17815852687522,63.68455098685907,171.97944671721515,Admitted
"Tucker, Chaney and Smith",64.68931570535824,60.54146133251727,15.908331753382146,Not Admitted
Hansen LLC,85.572011101564,66.07498306221422,305.9727434740743,Admitted
Walters-Cohen,69.51721797852555,72.28147051034111,302.2911891594428,Admitted
Gomez-Sutton,68.15259097668576,99.56737992270581,209.51697791468382,Admitted
"Morrow, Wheeler and Lewis",96.80911550629594,57.212231477059476,205.71968343046888,Admitted
Rios Inc,78.90577267101693,71.89873969367657,346.5794013965212,Not Admitted
"Harrell, Olson and Michael",68.78505401617755,67.59936040859569,331.02029628495256,Not Admitted
"Jones, Lopez and Johnson",95.94291148388422,91.55790876322439,6.399561610565008,Admitted
"Miller, Nash and Chavez",73.81351507758494,79.27380096931017,63.85002025549583,Not Admitted
"Garcia, English and Shelton",91.08473059625054,67.71934469465809,77.19024626084013,Not Admitted
"Garcia, Bartlett and Powers",88.61812912593223,98.88750550989988,296.98172841768036,Admitted
"Gray, Lewis and Weaver",78.31551163212214,86.12938563107902,106.06802884323699,Not Admitted
"Wilson, Alvarado and Barber",95.58650231752668,79.0543549173999,140.84068722647922,Admitted
Sharp Group,96.54611243490069,59.88338710997203,192.39498782692948,Not Admitted
"Jordan, Lee and Murphy",77.41564316134259,83.29100343603935,63.60208661400361,Admitted
"Miller, Jacobs and Banks",83.24906669759508,74.9796522295454,316.20754321408305,Admitted
Small-Cochran,75.90633723923602,66.76665261272011,261.28822945753353,Not Admitted
Green Inc,60.69897127965236,73.41569866213936,179.329010416771,Not Admitted
Smith Ltd,83.96875053741753,52.781774330630604,38.43400508635752,Admitted
"Brown, Murray and Mitchell",85.1517346153547,95.07190552080723,345.61481882214366,Not Admitted
"Henry, Young and Thomas",72.55523016320947,63.68832602913223,89.68704941967789,Admitted
Jackson-Walker,86.91139299273004,93.47453581840594,223.19628109892287,Admitted
Taylor-Boyd,62.9046743452066,57.051993110740455,295.3899540125689,Not Admitted
Cook-Smith,72.56314897871357,93.2501457469329,319.4258558435867,Admitted
Bennett-Gates,82.47661731866874,87.77223760540281,5.304477867110617,Not Admitted
"Robertson, Wong and Peters",99.24398032006975,71.05804726299507,354.93870184685295,Not Admitted
"Johnson, Rubio and Howell",84.34247489015597,86.15241825954925,336.6613733001549,Admitted
"Foster, Davis and Klein",72.30169917023758,63.31771643056928,17.65835169952268,Admitted
Cook and Sons,94.94958835068113,74.75893943573118,4.459015714896979,Admitted
Fuller-Park,71.60504677020369,50.7074394029723,24.03573336539008,Not Admitted
Hubbard and Sons,83.59111785443507,97.79650205084724,69.27092716673287,Not Admitted
Flores-Barrett,82.00696577582846,83.24838434283939,318.9015148277232,Not Admitted
Bryant-Collins,96.3760985809231,50.28876330338134,169.1957403055168,Not Admitted
"Baker, Martin and Winters",95.42773300942565,88.07696753027024,200.16986044235992,Not Admitted
Lara-Oliver,64.80363834552216,65.1181066804805,92.28386469004494,Admitted
Chase-Robinson,60.94353596539848,51.01784440180052,248.88500038826487,Not Admitted
Hall-Miller,74.04086881590932,92.37327067401053,3.431825596347542,Not Admitted
Blackburn-Mills,98.85664887052309,93.57141415272562,132.54364893103244,Not Admitted
"Ford, Alvarez and Cook",75.0098305053561,54.35242046820261,66.45840567816958,Not Admitted
Duncan Group,84.75351064793941,51.8098238474607,319.78349225375706,Admitted
Brown Group,85.91431870149121,95.0452075529627,75.04169937338685,Admitted
"Wiley, Stein and Mcguire",68.91203477096602,67.00631793133618,342.2219029201302,Not Admitted
Smith and Sons,76.90166644760433,85.71387191217424,59.35207754435955,Not Admitted
"Walls, Soto and Anderson",61.85995617384967,98.80087029949931,73.88233031866662,Admitted
"Rodriguez, Rojas and Hoffman",88.40266180249523,61.42201278191276,138.89853407223927,Admitted
Jones-Grant,82.26774326852151,67.13812015234522,115.92065991016909,Not Admitted
Vasquez PLC,90.93258484975857,69.89489842729866,289.098021299348,Admitted
Hooper-Jones,67.73482546500973,69.5748626608047,214.90761288135792,Not Admitted
"Pena, Martin and Murphy",99.207903698643,66.36163643683867,103.71031051246315,Admitted
Huynh Ltd,94.06842556444929,77.50231522053451,252.16905389662804,Not Admitted
"Valdez, Dunlap and Schmidt",67.08113938122848,72.31498994314774,35.14968469367473,Admitted
Hicks-Scott,61.489638721226456,81.29606436315746,16.962022215498493,Admitted
"Davis, Martin and Johnson",73.56526696115493,64.69055350134484,229.77413224168873,Not Admitted
Chavez-Martin,92.66399730433258,84.7013241453671,329.4902522081504,Not Admitted
Simpson-Carpenter,63.51533786684336,74.22753074980577,68.67965748367052,Not Admitted
Munoz and Sons,85.09793582014498,58.21589526987974,100.31784927396257,Not Admitted
Villanueva-Sanchez,69.1127856509038,59.75706935233654,27.06182556243412,Admitted
Gillespie and Sons,63.991341854006734,74.355373796056,320.7102240778237,Not Admitted
"Smith, Walters and Frazier",77.21919710949375,54.46016955618897,71.13009513077166,Not Admitted
"Snyder, Smith and Robertson",72.27415907716184,96.71182068018516,216.59624285078877,Admitted
Thompson Group,86.75255195509598,54.698135683787086,133.00270073545605,Admitted
Gardner-Davidson,75.34640539837623,75.59347624633313,141.38219897487994,Not Admitted
Deleon Inc,84.62259242388362,87.70752144974793,37.2690502102163,Not Admitted
"Jensen, Morrison and Martin",91.21660375590344,66.10042099268281,326.5786108934156,Not Admitted
"Ibarra, Franklin and Luna",80.18052420887727,87.616578047243,112.64336442989324,Admitted
Long-Calderon,75.07543812943814,98.25486071906492,148.254304243803,Admitted
Horton PLC,69.56307848212745,76.90625633651484,198.0538092652418,Not Admitted
"Mason, Valdez and Ramirez",63.429324884681506,87.23999809791871,261.7090702130224,Not Admitted
"Ferguson, West and Collins",74.75108135941356,68.77102989720223,158.83543498025549,Not Admitted
Johnson-Campbell,82.29168603026383,61.18698007250486,24.439249135146785,Admitted
"Estrada, Boyd and Blackwell",94.40415037993046,82.28593893962908,114.02817261491745,Not Admitted
"Mendoza, Rice and Yang",89.32095602787282,90.56388022653249,273.7700632000062,Not Admitted
French LLC,96.04493930254486,72.14399173093561,261.6586306207416,Not Admitted
Waters-Alvarado,73.76424064127704,73.442469397219,335.4174593797341,Not Admitted
Garcia PLC,76.21498348452258,83.36471714501033,220.54894547877308,Admitted
Mcgee Group,88.354532738084,81.45758592277684,205.91660781128815,Not Admitted
Harmon PLC,89.43157965746077,99.53791408860044,215.86070543914968,Not Admitted
"Salas, Yu and Berry",79.3059640919873,68.90970531584213,133.0073749462355,Not Admitted
George-Johns,96.41356059158777,68.20708988993178,243.97578594241966,Not Admitted
"Ball, Krause and Wilson",73.71193708366647,64.91959610730117,159.44278923757756,Admitted
Scott LLC,92.21665239796353,54.942947899406136,316.98980379111873,Not Admitted
Roberts-Bolton,64.75574695595729,62.35548695981184,222.3650443634461,Not Admitted
"Pratt, Potter and Moore",90.5326509745787,57.041582202783864,126.92695337857387,Admitted
Myers LLC,93.30887662453601,55.2465169984381,90.3662964033228,Admitted
"Meyer, Doyle and Harvey",77.36081563947455,92.9805520299551,259.79705458386917,Not Admitted
"Fisher, Schneider and Thompson",99.27695716201194,97.73807285157866,237.34975734945888,Not Admitted
Ashley-Perry,88.43993137333086,81.47848048408065,109.53033018403228,Admitted
"Miller, Rodriguez and Nguyen",77.37975706244967,80.72546072381755,3.8583138038079934,Admitted
"Booth, Allen and Chaney",88.17830692305537,91.34763935392618,111.91761475137602,Admitted
"Grant, Parker and Pearson",97.46249416344186,62.34600168313814,205.8053731779925,Admitted
"Garcia, Wheeler and Rowe",67.59401815708017,95.1713389970971,325.85554222218616,Admitted
Stewart-Santana,92.3101831073195,95.49808679337471,168.1910296948833,Not Admitted
"Ortiz, Walter and Hess",87.03951280257978,74.80118449224665,301.51407995559447,Not Admitted
Williams PLC,89.31348512418,84.24759163690652,16.338932228248755,Not Admitted
"Krause, Moore and Duffy",62.004353169544096,93.22740147043908,33.75735467118495,Admitted
Massey-Clark,89.33109172175145,70.98731280137147,46.84395994471208,Admitted
Wright LLC,65.20772521788102,81.36871523370183,7.562670085094831,Admitted
"Aguilar, Nash and Strong",66.06211822362707,58.30967602335973,175.8610072062414,Admitted
"Ruiz, Hernandez and Miller",77.76254930414314,52.517967024107854,9.586968560582028,Admitted
Mullins LLC,68.52397238330846,91.95903402964662,11.168790490207435,Not Admitted
White-Harrison,64.28611497658159,75.53535286147513,92.43826910934231,Not Admitted
Hall-Hughes,85.93123543434784,90.85171354286675,68.23847001366327,Admitted
Henderson-Schultz,91.73523296285072,98.89747387412213,170.79440452558742,Not Admitted
James Group,90.42664090979787,67.38314282074357,126.31521392853078,Admitted
Garcia-Coleman,95.71710689140559,85.39351893404734,205.17848307172915,Not Admitted
Potter-Maldonado,90.86548952671112,94.77926734654052,144.9685703851216,Not Admitted
Patel-Miller,92.66456448425198,53.117657506662994,30.89395062128052,Not Admitted
Lopez Ltd,94.80800952950298,87.23449103616134,67.25583738572543,Not Admitted
Morales LLC,78.16143648665486,64.566874090155,179.99768864602706,Admitted
Austin-French,63.8907834925153,71.89388977130795,115.26254232318144,Not Admitted
Brown Ltd,90.01871312376971,71.12238883960028,186.36298651210612,Not Admitted
"Hill, Bryant and Werner",61.54862228754956,78.98668186970633,231.94150893303618,Admitted
Davis and Sons,68.62297646665542,91.39056044487853,320.9383194400674,Not Admitted
"Moore, Johnson and Young",71.56970100632341,87.04949678813963,200.88511543389552,Admitted
Barnett-Cooper,97.77049693335445,76.7572032475825,176.41979676562323,Not Admitted
Moore-Odonnell,71.58261765482227,65.474152373577,8.77289213551046,Admitted
"Franklin, Green and Brady",77.53241994564344,69.37209687385214,51.37498736214695,Not Admitted
Shah LLC,97.46714806218387,82.74558061616138,303.70044788036523,Not Admitted
"Rodriguez, Gomez and Harris",73.3156167979907,66.10617814824901,7.13724889666715,Admitted
Holt-Hunt,95.31108119348046,84.87820791830063,139.1760269658819,Admitted
"Murphy, Lutz and Wright",77.8862875361059,94.48584476081749,298.63524587524853,Admitted
"Mclaughlin, Lopez and Diaz",81.1902355884209,70.45549785363352,339.75602926581996,Not Admitted
Barry-Mccormick,86.85627523466043,68.32241770386507,232.54189957432337,Admitted
Gonzalez-Martinez,95.93636442685721,56.29319405847485,208.65307248796958,Not Admitted
Davis-Oneill,73.15876801435812,71.00846256312468,83.03152760576118,Not Admitted
"Harris, Hill and Rogers",86.01199811043138,50.97692493086057,62.827905015032314,Admitted
"Walls, Lane and Pena",82.50088873204639,65.45146992127643,217.75402772745844,Not Admitted
Clark-Ellis,94.69373521633818,80.66981036675263,102.41975006746904,Admitted
"Hardy, Camacho and Hess",84.36013208086936,66.99723518349523,160.95748784265058,Not Admitted
Chandler Group,82.27849439274806,69.04562902910288,170.50344324818553,Not Admitted
Roach Inc,62.25376550127785,56.02175973902207,37.75427023767545,Not Admitted
"Young, Carpenter and Taylor",77.86994656851289,68.26768310161226,218.15360307775344,Not Admitted
Morales LLC,99.96075837533468,78.5720507869002,119.65672187339709,Admitted
"Campbell, Mitchell and Williams",69.251435549813,65.76384887993733,234.08855546874995,Admitted
Haynes-Christensen,87.53943650817516,54.29502867934286,127.98875733312552,Admitted
Anderson-Mills,70.53580609356908,58.162726679210124,55.04497177528717,Not Admitted
Black and Sons,99.60240721287116,51.114201937900106,220.40381921863366,Admitted
Martin Group,74.51584018498728,58.763095491055154,54.570102907640795,Admitted
"Williams, Contreras and Obrien",80.2345844388567,59.17741395546571,334.8143140689677,Not Admitted
Wilson-Wolf,69.29913692118319,60.08810131957135,90.64194977280273,Admitted
Lambert-Lopez,71.18460133231595,88.59691450027664,349.37548979114695,Not Admitted
"Perez, Harris and Brown",74.30913187070068,89.88334956742979,18.207857118742552,Admitted
Lopez-Douglas,92.80901333218236,60.04664019132363,101.58723903334149,Not Admitted
"Maldonado, Robbins and Vargas",87.14757944139122,89.33122158167168,96.11413792793476,Admitted
Smith Group,72.17349700864644,86.74526626993722,97.28131406443215,Not Admitted
"Coleman, Holmes and Weber",80.44894256763214,57.63138204644829,217.7956318310972,Admitted
"Wilcox, Clark and Tran",82.87030470716388,90.33320461086694,185.97712726882477,Admitted
Harper Ltd,86.27744268845107,57.044151417847885,163.32291861744733,Admitted
Green Inc,66.71831679207311,99.20670589827071,189.37009279059257,Admitted
Russo LLC,75.24329720734067,81.92874955219105,242.0353285345146,Not Admitted
Little-Black,83.59036956594649,56.03402015878075,264.6226815614477,Not Admitted
"Sanders, Solis and Campbell",82.74577724351903,90.92119993196786,111.29134226581348,Not Admitted
Sherman-Brown,72.84480145518262,74.93331318695736,89.2834362588125,Admitted
"Gray, Turner and Clayton",86.02242497434032,88.70828267350504,80.8675114495474,Admitted
"Foster, Jones and Jennings",76.12459184918467,70.02384682147878,305.7358925113702,Admitted
"Mendoza, Ford and Thompson",61.82813731357185,52.79449357594004,211.9891407364364,Not Admitted
Thompson-Cooley,92.89789163076203,90.06251156892145,96.74059076797037,Admitted
"Vance, Knapp and Herrera",87.27860248311009,75.41944435361503,9.807054603269005,Admitted
Day LLC,69.40461214803629,74.80270228316309,148.19895249010568,Not Admitted
Gonzalez Group,99.94286084857964,69.65532054316857,66.82382075160776,Admitted
"Garza, Charles and Kerr",64.32922256647014,87.69213517883927,122.1940437414212,Admitted
Morgan PLC,70.30201078843012,50.57071233432141,299.4445768262128,Not Admitted
"Curry, Garner and Simmons",83.35690284357956,95.74574156286633,125.13549264255523,Admitted
King Group,85.86844302314695,66.50547123664084,275.717408995208,Admitted
Jackson-Pacheco,61.67716778577154,83.94591811632031,70.65098039438242,Not Admitted
Williams-Thomas,90.45618988736422,51.63324129033672,110.96413828013883,Admitted
Winters PLC,63.91996567053881,88.05229716383477,10.900303909654706,Not Admitted
White-Powell,76.32261862507872,69.36464106352543,119.50629518734122,Admitted
Rodriguez Group,91.72002464268463,85.41233767942673,358.6194860442401,Not Admitted
Castillo-Reed,92.08968865509226,71.74137453475167,259.3893047126152,Not Admitted
Livingston and Sons,86.52643622857728,74.2000702849156,313.13742181639674,Not Admitted
Gross-Brown,91.99132650756529,54.4636115136656,27.72946050731932,Not Admitted
Williams LLC,60.72164997079276,80.39304391021606,83.21106162426909,Not Admitted
Howard-Henry,86.74430010998341,59.37813527731453,33.96865194986972,Admitted
Thompson-Solis,78.55016089245132,86.4083051622215,340.1950333516559,Not Admitted
"Hunt, Herman and Ramsey",98.68471854296816,71.35282564663956,116.58979966761957,Admitted
Jones-Smith,86.68957647854751,73.68338466174356,295.87019899403543,Admitted
Huff-Collins,83.97764108587091,90.21381235278236,109.7735705959048,Not Admitted
Little Ltd,88.34704161784379,93.99160621116208,301.38229510441795,Not Admitted
Davis-Thomas,78.50496994677003,92.55979963651937,261.5325073112759,Admitted
"Smith, Clark and Graham",72.95683699481019,66.71610383011982,12.294130509908246,Admitted
Young-Wood,67.7389278758875,89.84640829404167,243.86115449995148,Admitted
Roach Group,63.84699258740526,91.68655819199796,144.8179064479709,Admitted
Mccall Group,75.75704264392519,73.01706919305805,75.86309584989046,Admitted
Collins and Sons,72.60565348993525,87.41392538174091,50.940088523126576,Admitted
Hart and Sons,67.08485256112338,70.38358578776108,105.6890751577853,Admitted
Gibson PLC,71.06392819744855,58.108991155166684,51.10845023894961,Admitted
Stout and Sons,82.58062215320106,96.05633210229382,227.06043917891006,Not Admitted
"Brown, Owens and Lewis",94.1641986982397,71.05056589107467,131.92599545830706,Admitted
"Moore, Rose and Wolf",98.66521440585274,67.61262833250163,89.64603617878144,Admitted
"Hanson, Sanders and Wilson",78.81483875732408,70.96753234622395,43.233866732034,Not Admitted
Park-Ryan,87.86919437961598,65.51160345852281,259.1896622760771,Admitted
Munoz-Williams,83.1711889876371,67.29666084469955,288.43986832470034,Not Admitted
"Brown, Lopez and Ingram",66.9507058152963,77.29669187374122,197.00064118205947,Admitted
Arnold LLC,65.09883106514629,86.43584645260887,348.16591226014305,Admitted
Brown-Mora,76.77946132607522,91.33921882232113,341.70929831807763,Admitted
Jones-Pruitt,62.01463510763792,93.14454588714784,159.81648831828895,Not Admitted
Pruitt-Wilson,74.75068555740243,88.91218169844089,189.97640196502653,Not Admitted
Wong-White,90.66232687395149,75.68461597833002,20.03024914111702,Admitted
"Armstrong, Buckley and Huffman",76.07577135162688,53.41587265050011,177.1955411056473,Admitted
"Owens, Watson and Reed",68.68534698848974,77.16227514446328,220.87573768264923,Admitted
"King, Jackson and Arnold",86.35481486301946,68.83388415031507,272.8329216799529,Not Admitted
Mcconnell-Khan,99.71196926428775,68.98806748967658,357.8981119267107,Not Admitted
"Richardson, Mccullough and Blake",80.32628878881295,85.8098515745867,70.47962449155013,Not Admitted
Hebert-Myers,62.507073394344545,93.43424169820972,241.74555253155447,Not Admitted
James LLC,71.65693211562562,89.79586006743159,23.79728903544696,Not Admitted
"Hall, Stevens and Jones",87.71050946487992,78.18127538508136,145.04842818016823,Not Admitted
Moore-Davis,60.54809807343109,74.1406164439903,10.463531640753342,Admitted
King PLC,78.68409547543209,54.71833927892506,138.03334507686372,Not Admitted
Hall Inc,96.3007550173516,55.90618188547595,102.59589527960595,Admitted
Cruz and Sons,84.76372477437292,89.09269481088862,78.83721572138721,Admitted
Jones Inc,94.82090274329975,58.22617065423761,172.08927113669498,Not Admitted
Hamilton Group,76.23581415260692,68.64064600738142,97.17782152920712,Admitted
"Blake, Brown and Boyer",84.41700487714428,81.69279756833937,210.76608047328355,Not Admitted
Butler-Miller,82.61014572400072,90.76616461286977,296.9981776120713,Admitted
Randall-Wade,72.1203689975905,77.37832330494237,225.84569245779747,Not Admitted
"Freeman, Huff and Roberts",72.00622513783081,91.78593890197504,65.68170074394514,Admitted
Cardenas and Sons,86.55803312088426,59.77090797283381,141.8375137961437,Not Admitted
Daniels Group,83.38847820348552,70.96860126810277,41.06946468105714,Not Admitted
Jenkins and Sons,77.51415741619135,55.7801570673468,237.75495297125417,Not Admitted
"Hernandez, Mclaughlin and Martinez",80.66287648116838,95.39637109927136,89.78879263193342,Admitted
Garcia Group,67.20539858085989,92.70306505250443,88.14095977395368,Admitted
Russell-Duncan,75.69374147192981,82.24324115738686,131.1678056519744,Admitted
"Bauer, Vega and Floyd",77.83755455194441,74.82704837129234,278.18604979859873,Not Admitted
Watson Inc,90.44433782650205,94.97216988121836,67.43791545913685,Admitted
Velazquez LLC,79.47126524585681,86.654226902571,31.296531579818033,Not Admitted
Johnson-Nelson,72.20150535318385,60.46836211426122,208.49106707879955,Admitted
Ochoa-Sanchez,76.05910161601938,66.57827375793357,35.092641360526166,Admitted
Hart PLC,87.61419798419396,65.60647786444358,99.88786507092532,Admitted
"Munoz, Wong and Holmes",67.5632215489993,52.826841963349345,318.13566930109783,Admitted
"Donaldson, Payne and Meyers",88.94293601607174,59.43584473286083,13.327656036120846,Not Admitted
Leonard and Sons,67.47705517679107,70.8292700631535,201.71109811744373,Admitted
Curry Ltd,68.64288423241378,73.64140854741368,211.87640748533454,Not Admitted
Walters-Gibbs,93.57814550184771,85.55318094475965,279.0066487744088,Not Admitted
Cox PLC,71.16404802273485,89.1285612591198,233.55023966215347,Not Admitted
"Escobar, Martinez and Ryan",79.41118709238324,90.14418541235851,345.41637369233274,Admitted
Woods-Dixon,97.01043085806083,69.87546142060035,45.42756543847556,Not Admitted
Roberts-Griffith,62.62555523761779,86.99345512956121,125.39002950000088,Not Admitted
Harris-Henry,70.32984564444014,92.95658176786402,180.35216356662903,Admitted
Cross and Sons,81.70082911835789,51.12578321042008,232.63127991058286,Admitted
Carrillo-Matthews,62.56165703535393,58.31260619533177,350.1179524657806,Admitted
Gilbert-Ford,69.65955214783546,90.51087739290834,223.56910700200822,Not Admitted
Powers-Peters,69.50406189051502,86.19704698133275,123.7178774802094,Admitted
"Ruiz, Villa and Walls",94.02006026549472,85.41658436430001,334.16907724963437,Admitted
"Brown, Ford and Kramer",83.6448772242087,61.71262134649589,235.74326181783763,Not Admitted
Miller PLC,63.875428888266434,64.67032190419307,45.31576874957934,Not Admitted
"Brown, Hart and Murphy",67.94216041268415,99.00204075375956,186.2042031756726,Not Admitted
Clark Ltd,76.33862082953902,73.84512055796655,231.95385759523626,Not Admitted
Bennett-Ruiz,98.31578542898157,59.52258269257836,52.62248746969166,Not Admitted
Hansen-Leonard,73.1852527076314,97.69833687033486,301.57050979393773,Not Admitted
Ramirez-Thornton,82.05401663935982,95.34142213042094,229.36217715913008,Not Admitted
Ramirez Ltd,92.30624504603229,58.90306160584239,73.65097288203482,Admitted
Frost-Hood,73.30863938924266,54.70970870143893,114.03730801277656,Admitted
Lewis-Chen,95.28389185594055,83.18749302747344,68.83512792414867,Not Admitted
Pham PLC,71.12674515507106,61.424675031386485,342.5563171004821,Not Admitted
Wagner-Goodwin,84.25155596760717,91.93753482227238,222.67212009798652,Not Admitted
"Wallace, Barker and Galvan",81.374930628121,99.09696808337864,322.1367577932823,Admitted
Robertson LLC,91.5149108742856,67.2344661266716,177.65058357754913,Admitted
Howell-Wilcox,85.69890715992682,64.56998939316772,35.431004972038885,Admitted
Mendoza PLC,88.5088004430302,51.75790263087172,271.9294550471832,Admitted
Thompson-Baker,99.65149159899785,67.59622987627208,89.47818319493304,Admitted
"Thomas, Ferrell and Anderson",75.45417976793648,74.24482821666494,228.0922384651491,Admitted
"Houston, Jones and Brown",84.3763264017702,95.96916775111492,66.86705905352991,Admitted
Jackson-Gray,62.481913029488545,87.20621243732461,218.50502206813061,Admitted
Arnold PLC,75.51306391067892,62.88342547721888,286.2220904143084,Not Admitted
Townsend-Bradley,61.77342214513559,99.55852328239274,348.4835217222456,Not Admitted
Marshall LLC,88.18498062416882,66.89041597799036,36.49140723350609,Admitted
Hernandez-Butler,99.36147612832053,82.91868999267828,317.24967568447744,Not Admitted
"Morris, Chan and Brooks",89.14503508851107,55.839742367842135,153.14530540021417,Admitted
Martinez-Sanchez,97.49819490638006,85.63123871263537,228.2950907872351,Admitted
"Clayton, Davila and Matthews",74.82582914596026,56.00780706501244,183.2463140496271,Not Admitted
Perry-Galloway,65.76890031266251,97.37213432657404,125.02478168165628,Not Admitted
"Young, Green and Fuentes",81.8905684226656,86.34735339170356,300.6363418967066,Admitted
Palmer-Armstrong,97.02319620676614,55.564262552478596,295.2101798611397,Admitted
"Pearson, Taylor and Mitchell",74.79655761517783,79.05540240019886,359.0189462551309,Admitted
Davis PLC,77.36698396808407,66.27372959303584,190.41574995937444,Not Admitted
Sanders and Sons,75.32609999949388,97.25719615789734,14.869756760944037,Admitted
"Roberts, Jackson and Ho",85.85586428251126,50.1878008442347,258.78473801352,Admitted
Miller and Sons,93.09404604185754,86.5378232917949,72.57689237838811,Not Admitted
"Hansen, Johnson and Jones",61.42825395438817,58.308808781600824,134.2495789319774,Not Admitted
Hinton PLC,81.70727753169723,87.29853775856766,270.03779465332315,Not Admitted
Johnson-Bowman,72.47991898549034,83.69698116742333,246.31318029192016,Not Admitted
"Everett, Frank and Padilla",92.74415878687881,51.20521486964021,75.1966482722254,Admitted
Johnson-Johnson,77.84559655423989,71.41753899142549,27.68202392689412,Not Admitted
Parker and Sons,81.84178138423263,82.58804852342041,199.44639246482166,Admitted
"Williamson, Mitchell and Koch",61.1264931148073,70.69252675591773,300.192927804522,Not Admitted
Roberts PLC,75.59813369396653,61.23100260796589,285.29064683587484,Not Admitted
"Miller, Hicks and Tran",99.27895579312613,70.23916998722902,187.88668306019406,Not Admitted
Chambers Group,77.52335602409457,76.93662362191975,219.27121342953936,Admitted
Dunn LLC,80.27298589280278,54.39900346741716,57.52621859652956,Admitted
Graham Ltd,86.83185259863934,92.01319212975913,213.30819088784676,Not Admitted
"Kaiser, Carney and Johnson",82.96146431563385,95.83167672182802,83.55593978744868,Admitted
Robles and Sons,78.38765989809157,65.8420971376676,171.66717050950328,Admitted
Douglas PLC,66.38629001235088,64.20596320767505,346.6577070579307,Not Admitted
"Fowler, Harding and Russell",82.09859909593354,75.00383957169116,289.93758460978745,Not Admitted
Potts-Smith,89.91372581695353,96.4988051985309,47.937843434168926,Not Admitted
Delacruz-Garcia,70.74875421005734,61.31009170845046,252.3109471888945,Not Admitted
"Clark, Robertson and Webb",65.24509989340767,55.623464440546655,42.622208109581976,Not Admitted
Martinez Inc,93.29873447094226,79.34326217954842,296.14200503968925,Admitted
Lewis Group,90.96945889067828,73.14629999305508,162.97473163822974,Admitted
"Williams, Chavez and Keith",74.41278146544543,60.84315352723998,205.1506668164177,Admitted
Wells LLC,96.43171575422883,66.07087287794843,99.01194044704108,Not Admitted
Robinson-Powell,93.39718384017124,93.12882687932719,338.0549964572464,Not Admitted
Morrison and Sons,67.64222947247944,95.70355373024373,225.17782394680935,Not Admitted
Walker and Sons,90.82416751882485,92.54435594181172,234.60496711537024,Not Admitted
Ingram Group,78.65263659820783,69.48938059444835,324.44985869645615,Admitted
Clayton LLC,88.03456330969361,72.57875639696039,281.50307340370097,Admitted
Gonzales-Bishop,94.2006442510477,99.90542239274123,306.72900556894245,Admitted
Smith LLC,86.35874279347081,95.98029116062216,198.84917503785104,Not Admitted
Conrad Inc,75.11062132347153,69.15630859636653,291.5381321270227,Admitted
George Inc,71.702143717622,65.90982292970261,216.69594146779582,Admitted
Ortega and Sons,68.6360286038115,55.17381289267031,100.09701140198304,Not Admitted
"Collins, Robbins and Rodriguez",96.49399433052926,50.452895849398956,114.78643495668278,Not Admitted
Burke-Harris,87.9402033643997,91.4748560895369,273.25827031745644,Not Admitted
Best LLC,61.08436296622975,54.918745270075604,95.37098331321566,Admitted
"Snyder, Padilla and Hill",90.23949207242963,62.5522016643785,88.80520776606112,Admitted
"Mitchell, Odonnell and Moran",71.9227564869375,78.47678355246087,272.31851003515277,Admitted
"Bailey, Lee and Lopez",85.35558681971392,60.05414350398764,309.47388013030945,Admitted
Waters-Mcgee,75.99893841363273,78.19860522191355,166.7252283954675,Admitted
"Taylor, Bowers and Travis",60.50683145401039,58.118075533647854,36.48082291442518,Admitted
Rios-Harmon,90.42968270171517,53.40259499023807,26.82684568242337,Admitted
Thomas-Montoya,76.26380050651154,53.47232414697123,43.970700013622675,Admitted
Carter-Brooks,84.99665319844352,95.00301725385447,182.5914647644299,Admitted
Peterson-Parrish,78.07813841319361,50.32342957902094,222.88067871498,Admitted
Sweeney Inc,89.59951304004646,85.86562424165731,333.03880356973764,Admitted
"Pruitt, Vargas and Collins",77.8185154007645,73.85024349228856,147.1017585262564,Admitted
"Ho, Herring and Sims",81.03926732507522,55.33493489056575,168.74562627772966,Admitted
Lewis and Sons,82.06065718910294,96.91491443430046,56.685727547249456,Not Admitted
"May, Rodriguez and Jordan",78.99056015653008,54.96060094179643,178.89108478779806,Not Admitted
Stevens and Sons,89.01047531719465,63.20106325288979,311.77835886895133,Not Admitted
Saunders-Jones,64.54835812301471,55.936720417150056,200.29359974642213,Not Admitted
Mccullough-Larson,92.48856781991218,57.73301879013621,75.65501335563707,Admitted
"Fitzgerald, Soto and Solis",82.56942736386488,53.43638410065178,203.22445480476256,Not Admitted
"Roberts, Sullivan and Murphy",98.39443385776006,83.3198325641352,94.25539066376244,Admitted
Austin PLC,99.11039410967646,79.31899678526447,181.36340205558017,Not Admitted
Kirk-Mooney,83.11088586704386,93.42105370574521,76.48995115274506,Admitted
Dawson Inc,72.2261375655271,82.6954602704476,252.084581918925,Admitted
"Franklin, Foster and Smith",80.75673728656312,71.9699631063286,35.12278939923677,Admitted
Klein-Suarez,88.09984024501958,90.61265329254586,227.797867258945,Admitted
"Osborne, Adams and Haas",77.65372097064254,52.04499555582861,308.22678432128305,Not Admitted
"Lopez, Bowen and Rodriguez",71.52765389153896,74.92901287196362,319.958805248299,Not Admitted
Michael LLC,87.1899362488555,87.49675866076379,213.79574538839233,Admitted
"Bradley, Hatfield and Ortiz",63.65882968997601,79.7914408071206,246.93373385177318,Not Admitted
Rodriguez Inc,86.400803586788,62.7629884125699,354.03049949297275,Not Admitted
"Brown, James and Flores",67.90269163106514,55.09144440023063,314.0454442914222,Not Admitted
Oneal-Miller,95.24302195285007,54.86547510549426,211.21967878395066,Not Admitted
Walls-Anthony,61.85923591390511,66.59366042342967,295.59553050190584,Not Admitted
"Fischer, Doyle and Cervantes",80.98122822756669,66.66070344761819,171.8788377576615,Not Admitted
Cole Inc,79.8719830491473,52.73214573683174,350.68620688560947,Admitted
Walls-Chavez,82.06688589326376,58.16981230084946,190.02017737992503,Admitted
Crawford-Dougherty,88.86265843025888,74.75566035794581,5.561414483088991,Not Admitted
Case-Hoffman,63.70494815215544,73.94065016115121,316.5562388537609,Not Admitted
Franklin-Washington,96.46544748683712,81.45023790139086,32.01596917433469,Not Admitted
"Hart, Paul and Willis",96.48750849457932,73.21038127188078,179.4959200213878,Not Admitted
Curry Group,85.40268814260006,80.33292422127636,98.83440467560818,Not Admitted
Ellis Inc,81.66127194989332,73.46234598224744,31.584649867708166,Admitted
"Larson, Francis and Johnson",91.21862714985552,88.58905525294095,100.44368271439073,Admitted
"Barry, Brooks and Martinez",89.36460523715338,69.66242718306465,142.32192405274563,Not Admitted
"Beltran, Stephenson and Carlson",83.96044271208913,94.10789756512622,3.606544109374119,Admitted
Sanchez-Leonard,62.3362631665145,73.9923958001673,251.72833468575658,Admitted
"Pierce, Carroll and Jones",61.99911510832799,92.88483033622742,63.016030582023994,Admitted
"Hubbard, Reyes and Downs",87.25397641941339,63.84699374703769,126.58911243734413,Admitted
"Pena, Gillespie and Baker",78.97992526575202,92.99140102549136,183.5117643181833,Not Admitted
Smith and Sons,61.27257929791457,64.34805259658712,262.74930353338556,Not Admitted
"Lynn, Gardner and Payne",76.16625099516733,76.58207100116789,214.85154054706885,Not Admitted
Petersen Inc,81.8318357435626,89.53961017960165,336.40751077937693,Admitted
Smith Inc,95.51894065273225,54.95660194489041,306.3785050727074,Not Admitted
"Gonzales, Kim and Bennett",83.6283444827267,97.32320131737445,150.11969315476634,Not Admitted
"Wilkinson, Haynes and Madden",64.86448186759056,50.78184234352591,199.93537184398244,Not Admitted
Brown-Hansen,61.39339824267181,62.392455678992675,89.05003159498708,Not Admitted
"Hayes, Kelly and Perry",86.23034668335768,55.22159349634389,16.44423735792401,Admitted
"Douglas, Hart and Lee",67.9193303937476,91.15846663832072,326.28042149936823,Not Admitted
"Hughes, Klein and Steele",97.28561785570164,85.61870244565557,237.46710624896613,Not Admitted
Johnson LLC,63.74621295332256,57.085627169717654,275.6299521606474,Admitted
Patterson-Cole,69.87230128476853,67.15594964574021,157.1858534950455,Admitted
Bennett-Weiss,75.8880777561126,94.22522457382158,160.69101531978254,Not Admitted
Lee-Arias,65.86402032596379,55.52330181545524,140.8182647316887,Not Admitted
Hernandez-Riddle,78.3116688262277,68.03600166127829,261.21924815658355,Admitted
"Barnes, Castaneda and Thompson",68.49944087847001,82.13858409290752,172.55268859138056,Not Admitted
Wells Ltd,95.18718137348043,77.74329834276936,74.5572526707858,Not Admitted
Kennedy-Richards,99.91587761778706,92.01212021940137,240.19659348485402,Admitted
Stone-Murray,89.21217819577276,59.458528618011606,144.02038662956613,Admitted
"Harrell, Walton and Allen",84.87820275828554,78.02817177519334,95.80105818499753,Admitted
Davis and Sons,89.364830817908,50.284543890174724,23.873862514408337,Admitted
"Martin, Ford and Patel",69.28759017683662,63.32321737858383,231.2088343807466,Admitted
Barton LLC,72.53254661316613,52.774404320091065,194.07211824982625,Admitted
Edwards-Lawrence,73.38503042664783,78.13646631351568,25.666889444194496,Admitted
Odonnell and Sons,74.5066871109201,62.783418341300965,267.85192670462186,Not Admitted
"Garcia, Hudson and Good",61.73302176259967,81.29194844511827,3.569698474312748,Admitted
Wang-Long,76.65479861476535,51.88834567708288,108.18069613922894,Admitted
Mercado Ltd,80.17982593645257,93.40896311333888,184.72094989370888,Not Admitted
Little-Ballard,64.0954855944789,74.745782061248,58.118833459949265,Admitted
"Boyd, Davis and Johnson",71.515798947147,73.12297960688988,236.17176767980757,Admitted
"Jefferson, Robinson and Mckinney",99.89715636233021,73.13829089769389,98.67893099869839,Not Admitted
Raymond PLC,60.536280372040856,84.86763181433423,117.55150582347898,Not Admitted
Moyer Inc,75.47539700672353,66.71826521587471,258.7287720854088,Admitted
Reese-Meza,70.76134304514885,65.83827621466449,339.9372456053094,Not Admitted
"Lara, Patton and Hill",77.70199365239344,53.10664733447539,170.6259139438124,Admitted
Henderson-Pierce,91.51737116819606,78.30083932493251,206.62994129958358,Not Admitted
Wiley-Harris,96.87385774171389,63.25137047635192,236.71284494124208,Not Admitted
Tran PLC,61.53000523268648,79.39857180140186,113.75513263908682,Admitted
Chambers-Prince,66.87167253637989,83.3492749854426,205.86367225087463,Admitted
Mora LLC,66.73006473000424,64.92069358667614,136.9741204961782,Admitted
Henderson and Sons,87.49261457292894,93.94609638444555,325.0957240435425,Admitted
Sanchez-Edwards,75.54753078407396,95.72083018930817,102.91424576320702,Not Admitted
Smith-Cervantes,73.40213847029399,91.91002166302626,37.5296888624216,Not Admitted
Johnson Group,98.5953404894272,94.59980275828373,150.96411080918585,Not Admitted
Moore Group,64.56351676736435,62.112032177725354,110.07938315080857,Admitted
"Thompson, Branch and King",82.22961383325341,73.65293404725625,334.6170584736226,Not Admitted
"Heath, Hubbard and Robinson",74.04947370130363,82.97128141449646,324.86112965753136,Admitted
"Garza, Mills and Casey",99.2988915741051,77.84962419085379,18.11125504613951,Not Admitted
Pennington-Barber,67.56354922951644,76.98312262257816,122.03289624515926,Not Admitted
Forbes-Carroll,70.57142605536835,66.50102288041307,143.63588669310747,Not Admitted
Williams PLC,93.84902399418556,53.52778416966704,286.63091197786036,Not Admitted
"Cunningham, Morales and Flores",79.36555924490256,62.36707075750614,263.29896860441687,Admitted
Dyer Group,85.98847325304314,98.08250813307401,323.74043688248247,Admitted
"Young, Robertson and Payne",94.67390408962396,70.55632809136486,61.710105146452904,Not Admitted
Parker LLC,62.363857570765134,97.82250095037872,184.91958860455347,Admitted
"Frye, Walker and Shepherd",97.22419710130067,55.12165360416768,349.09513799684714,Admitted
Gray-Gonzalez,95.19194835061651,66.74568900686768,21.82268614261492,Not Admitted
"Singh, Barber and Mack",90.33960424868631,59.585714723260494,160.4039558252009,Not Admitted
"Spencer, Patel and Bennett",83.30465375380545,56.6123738670548,207.149931401114,Admitted
Gates-Barker,89.26784968544541,93.10612430624224,151.90269247721966,Admitted
Torres-Pope,69.97174289074343,96.38857373764779,278.961104788133,Admitted
Steele-Walsh,84.23172695102679,53.73787031048048,332.6354788703636,Admitted
"King, Brown and Allen",68.68664192175443,53.18987839748924,257.23174646110743,Admitted
Adams-Schroeder,95.29609518548571,88.65847278645707,183.05872737323432,Admitted
Jones Ltd,65.68589167645561,99.27725112338138,355.7148041236387,Admitted
Moore Inc,87.1307487987419,82.64801467715748,13.694124287016102,Not Admitted
Carter-Clark,81.69028657540406,93.01417766722768,51.15040153292871,Not Admitted
"Phillips, Wyatt and Williams",61.13868341709906,71.80637527195147,324.14636564565507,Admitted
Martin-Simon,70.07165404153805,91.94083812969747,100.67655959312356,Not Admitted
Poole-Snow,65.2509960534834,60.79102123641132,168.54968405247783,Admitted
Jackson Inc,87.71707557182893,97.60144598802864,36.58599374793093,Not Admitted
Beck and Sons,69.67495921062789,76.92057965032086,231.51871572438762,Not Admitted
Spencer and Sons,83.1362264085765,97.84805676238095,218.00243086229787,Admitted
Romero-Ellis,90.38701636856106,64.52554100546935,119.613111321568,Not Admitted
Rocha-Anderson,72.74112586464423,93.42321589917461,21.69926628922638,Not Admitted
"Mason, Petersen and Hobbs",71.78078242754273,97.80729169347143,36.25655636023008,Admitted
"Lara, Hernandez and Morgan",94.706358128404,78.68222503320676,48.91266081329741,Admitted
"Freeman, Smith and Wilson",82.75498357322454,77.96921185038889,59.672123259283175,Admitted
"Barker, Rivera and Frazier",77.14680366884079,61.73832342748412,9.353179541191636,Not Admitted
"Vang, Hickman and Spencer",91.03508517142801,78.95737915358303,26.673343944562752,Admitted
Brown PLC,63.11997386568714,54.10511580355396,234.59198930088985,Not Admitted
Lowery-Allen,76.44380324708928,95.49978258122513,112.49928747325751,Not Admitted
Gonzalez-Hoffman,85.01007083426501,62.71474622716574,266.057577384232,Admitted
Allen Ltd,67.09000958199941,68.4960697630903,56.578449559791665,Not Admitted
Alvarez Group,84.36486527323792,69.01882981535725,245.75982264219422,Admitted
Daniels PLC,81.30829020609029,96.3750146084415,144.57239945067042,Admitted
"Miles, Moore and Williams",62.6727429125758,81.50207194898344,312.81537071177206,Not Admitted
"Bailey, Brown and Dunn",71.25521609069254,98.92978100152939,251.77711098837284,Admitted
Morris-Walker,63.2100549288748,76.86383891702104,23.610714555804723,Admitted
Hanson-Jensen,81.26963323228006,75.74902884375189,284.3932662277262,Admitted
Francis Ltd,84.33591198651766,75.37030775401912,108.3153961012307,Admitted
Patton-Mcdonald,67.66586068591064,85.89474104094823,25.433056969211137,Not Admitted
Cruz-Boyd,97.36392367684556,86.74473198571573,166.0648886771744,Not Admitted
"Macias, Vega and Williams",74.53958213998172,84.76107863340442,358.751699247884,Not Admitted
Floyd-Taylor,80.01802038222051,67.66427713319501,342.04544375561215,Admitted
Gardner-Watkins,85.5277160423181,75.0266753601465,197.54819061826882,Not Admitted
Foley-Short,81.68420049669459,74.03137905927333,197.46831929387128,Not Admitted
Walker Group,66.70935138362582,56.83351382289698,337.5112376742757,Not Admitted
Hill Ltd,98.03192409112563,91.63707931582306,342.4403931010756,Not Admitted
Craig Inc,93.64966345965385,88.12642959850501,301.63011396092423,Admitted
Larson and Sons,96.14310593158076,66.87630399060208,27.662440032807876,Not Admitted
Morton-Webb,70.32185464482914,66.41850308365899,234.90502704385568,Not Admitted
Perez LLC,61.571985047823375,96.56515766411226,118.78663538491973,Admitted
Tanner-Robertson,80.41898711146777,65.09998045698501,114.73583205535678,Admitted
"Ford, Sellers and Bauer",95.9043943433714,94.5007520145669,332.4220109337902,Admitted
"Moore, Smith and Flores",61.8010005828957,69.22495268080289,245.59763503810458,Admitted
Mclaughlin-Mcintosh,73.93705048867665,54.055408433658016,323.37737688086,Not Admitted
White-Harrison,83.80747263455868,57.956893465530584,341.93189035558515,Admitted
"Brown, Tucker and Johnson",64.62111043557591,74.88897748278428,342.5713241244585,Admitted
Hernandez-Welch,74.15375379965391,88.65213264093461,358.30521196094503,Admitted
Lopez Group,75.49465635718805,68.58367828964975,242.2497608368642,Admitted
Smith and Sons,90.67632534489343,51.881132952164286,297.66269218224295,Admitted
Collins Ltd,63.562317780334595,57.602751976143665,51.73584241058493,Not Admitted
Wright-Terrell,87.95712740901014,62.645427853300234,251.76180150678707,Admitted
Davis and Sons,94.54623791465539,60.30722676219028,135.03671794300297,Admitted
Freeman LLC,71.57528169347717,62.33164314599438,357.9168330888448,Admitted
Wilson-Hill,84.38353680991497,87.51432322298211,174.13739958906433,Not Admitted
Russell-Smith,97.32694199843648,90.34105175809712,94.91347104565546,Admitted
Hicks and Sons,60.369279125361636,74.99718750833877,78.48974239672334,Not Admitted
"Sanchez, Hoffman and Perkins",72.92955258758523,92.89515531488058,0.1439574254767173,Admitted
Chambers-Lopez,67.96540616260783,73.88412110702566,191.31659240221975,Admitted
Tyler-Hodges,67.41836247020949,77.38466588054837,211.712725219356,Not Admitted
Harvey-Aguirre,74.456018813648,51.925502436993064,143.2116814423768,Not Admitted
"Kelly, Frey and Galvan",73.20111627639706,96.24620704991992,31.93413790225531,Not Admitted
Jones PLC,71.61029078684822,98.40694732616416,290.6365618661969,Admitted
Harrison-Weaver,81.96503254085721,89.99728726755457,285.49849706000043,Not Admitted
Thompson LLC,81.61574800486974,68.27592972620478,86.22077358227402,Admitted
"Morton, Cole and Murray",68.21812925894636,57.485379950405985,331.8131946411254,Not Admitted
Jacobs PLC,81.98310776984357,80.0352434242389,141.9777693333151,Not Admitted
"Baldwin, Gordon and Barber",90.83862179671176,65.52962411047658,168.27895314680538,Admitted
Arellano PLC,63.02396304214287,74.07834999901209,28.541742799374216,Not Admitted
"Ramirez, Johnson and Long",69.34958584526446,90.49293284803076,249.27084752621766,Not Admitted
Bullock Inc,94.58695771806475,91.40324882188162,239.42962373040697,Not Admitted
Fowler-Villanueva,87.23129399188741,92.13877683984836,21.280938388149867,Admitted
"Beck, Williams and Cross",84.04123987055016,60.4403006352861,228.19997732328287,Not Admitted
Carlson Ltd,89.89364760585872,78.71800588547814,41.21822664105509,Not Admitted
Smith-Payne,74.27617497856667,82.3007573973613,177.7094728372361,Admitted
Brown LLC,98.49079981137686,85.18349335815799,206.4041365196806,Not Admitted
Mcmahon-Browning,99.2593036394214,53.05520019848261,359.0696788498024,Admitted
"Cooper, Lee and Ayala",89.24612771775898,87.81082238049765,319.56389593100056,Admitted
Henderson LLC,73.6412213859309,73.44093705959895,315.3808024795275,Not Admitted
Gonzalez-Green,87.39217891068972,59.52787000794978,255.07644144005883,Admitted
"Salazar, Hendrix and Carter",95.63646232751945,63.2902283939582,235.8423304435181,Admitted
Miles-Torres,70.84986248210728,70.7229792044234,29.209391441746163,Not Admitted
Lamb PLC,96.12925112456713,87.61305388819932,192.3563113429662,Admitted
Jones PLC,82.1760757631611,53.430011567961344,121.83459415942163,Not Admitted
"Young, Dickson and Smith",70.79746009208498,69.2768792864791,251.30665203576498,Admitted
Williams Ltd,88.29797925211508,71.714224833869,91.68219370136622,Not Admitted
Collier Group,99.5764656578504,62.79002303969345,313.0388792949856,Admitted
"Gay, Sanchez and Mcdaniel",87.5193321402551,61.62394229684051,57.41945556447289,Not Admitted
Davis-Davis,82.04438268628697,66.0401071830867,276.12676132688415,Admitted
Holmes-Hall,81.90623236550599,76.97799649753668,204.98075545091856,Not Admitted
Alvarez LLC,84.24426433996352,97.9490131021675,235.3134001903987,Not Admitted
"Roth, Shah and Wilcox",99.23534144623206,63.83822447217846,20.617773052127887,Not Admitted
Campos-Watkins,79.81428801124376,83.77126981723406,317.5899616368092,Not Admitted
Mathis LLC,93.06642703505824,51.15452995098798,167.44444606157023,Not Admitted
"Hensley, Marshall and Jordan",70.37456508340793,95.33047368826757,349.9547281091669,Not Admitted
Jenkins-Montoya,86.95780695599248,73.9720610383406,83.76634826602098,Not Admitted
"Contreras, Nicholson and Davis",74.81704933453503,87.89509246144564,154.40648700653074,Not Admitted
Walsh LLC,96.3276158899353,84.93918992908603,54.82759853891798,Not Admitted
Thompson Inc,99.17538761653802,75.46045164112098,208.57492601568288,Admitted
"Rodriguez, Mills and Lee",62.69251070952594,86.1970420073806,152.82059223078457,Admitted
Harris-Cooper,68.74453116840812,94.43783196279378,247.63348148218336,Admitted
"Baker, Sanders and Flores",75.35406120879885,89.37866586180147,294.5479016617822,Admitted
Gross-Hudson,84.21601416392912,94.55669557981724,47.174482724951986,Admitted
Hernandez-Barnes,70.61244162837573,99.76401263046559,153.2212885013309,Admitted
"Cruz, Thornton and Brown",65.56466129955271,85.4037115283424,186.78386563316255,Not Admitted
"Jones, Thomas and Hunt",97.81935553703758,90.45769680244432,175.96065923727093,Not Admitted
"Benson, Rice and Valencia",94.1076887470981,86.53302465617928,173.5054237699808,Admitted
Brown-Fowler,65.30487504345716,51.309052475701314,94.50240358580605,Admitted
"Holland, Marquez and Glass",79.51084670150871,91.75578962370031,2.9349531474059587,Not Admitted
Kennedy-Butler,65.5590252353524,56.644689413268864,50.678484961414654,Not Admitted
"Webb, Daniels and Rodriguez",71.35514856647798,89.51019306667848,215.87041185211763,Not Admitted
Wise-Lambert,93.2811661917341,82.69215903132142,331.39736956422576,Not Admitted
Lowe Group,83.023178041226,83.86691130470967,198.75372477385253,Not Admitted
Carson Group,74.11049016419258,52.7445424964115,167.54486685340106,Admitted
"Daniel, Edwards and Hernandez",80.12892432673775,87.05437630328235,126.99789923825867,Admitted
"Mckinney, Hamilton and Hawkins",60.10645586435974,51.15468907850743,303.8440141237876,Admitted
"Miller, Wright and Mitchell",88.32918040568332,81.00480606736903,91.60606583410394,Not Admitted
"Clark, Padilla and Huerta",73.49844214244928,81.61292794299577,21.110158813903833,Not Admitted
Hernandez-James,80.36268191333136,60.62567175166115,236.53541731376717,Admitted
"Cantu, Reed and Harris",85.38464441242249,90.70210664273557,125.86764965272286,Not Admitted
Fitzgerald Ltd,77.80121129375442,74.17155080400963,287.65463259257086,Not Admitted
Gonzalez-Sutton,82.07912440742965,70.21383496812591,86.49366606753453,Not Admitted
"Ortiz, Turner and Perry",80.51068163416511,71.87327426398119,17.813993130079844,Not Admitted
"Smith, Obrien and Robinson",96.86609095485238,95.6702749383137,358.6930194518901,Not Admitted
Holden LLC,71.57847111189234,99.72030262272281,340.3377218909007,Admitted
Young-Frederick,88.44275285483329,51.939441658373326,164.326422426641,Not Admitted
Frank-Taylor,93.24881287412538,81.68944539403516,223.02873882318067,Admitted
"Moore, Wiggins and Wright",65.96455605047294,67.73026201031959,326.7391395108911,Not Admitted
"Jennings, Clark and Hughes",66.86837539691514,93.57823493809443,67.56887385185972,Not Admitted
Thompson-Jones,70.27656884557038,94.11028275966436,5.69465922480112,Admitted
Hurley and Sons,92.28647481687611,52.49040596846925,13.601692449973575,Not Admitted
Hernandez-Horton,71.69433893861856,96.87373226299795,133.84717888757288,Not Admitted
"Hood, Scott and Brown",63.8630776664582,55.51161699315384,109.44589603999262,Not Admitted
"Acosta, Ramirez and Gallagher",84.33795194105782,84.65153071371842,70.88559272763361,Not Admitted
Foster-Willis,65.56985156077914,66.038481782728,181.37048505377834,Not Admitted
Rogers-Lee,92.9163777959048,69.30705972471475,142.8343191738505,Not Admitted
Thornton-West,63.532400103308824,87.17055578274571,171.60591406097362,Not Admitted
Hernandez-Norton,93.972617497724,65.20774356082714,0.6091849716507092,Admitted
Morris-Bush,73.46027113727169,70.22542601675079,266.9301044071203,Not Admitted
Fisher-Gordon,69.25193576057565,86.29570611637742,112.32840391313214,Not Admitted
"Smith, Leon and Massey",83.94032254186058,59.234192828578585,74.49762063856569,Not Admitted
"Murphy, Joyce and Riddle",96.34152772541309,64.48179809867064,193.4334624442805,Admitted
"Camacho, Powell and Shields",74.60942572918063,92.76564105714527,151.33252574742164,Admitted
Hardy Group,60.33686047201676,55.44769279861705,140.65300184742372,Admitted
"Fields, Gaines and Perez",67.4813011555682,60.87811616036808,170.27828494953474,Admitted
Fuller-Evans,76.88906702784703,61.41594795507711,305.6212801251445,Admitted
Hernandez-Palmer,61.98534945939664,81.90924066056574,178.0093960531399,Not Admitted
"Brown, Soto and Mcfarland",75.17244653183022,74.7878798761216,306.949536912839,Admitted
Peters and Sons,73.9952349587759,86.50170219598489,175.79487744853446,Not Admitted
Williams-Martin,94.32077311018892,78.3826938325956,146.6843612342437,Admitted
"Jackson, Tanner and Petty",65.6526816772271,70.71746520324037,312.191103915406,Admitted
"Mcdaniel, Barrera and Lee",85.21345357585153,57.254231225638556,200.958338903462,Not Admitted
Jackson Inc,91.22301185524614,62.94158747777196,336.7502494915006,Not Admitted
Martinez Group,61.88646950515662,82.31111083826514,131.74194118914576,Admitted
"Houston, Hale and Bridges",85.20380215728049,64.1901499929305,315.11592086786317,Not Admitted
Green-Brown,67.75108516172746,85.21185018561211,210.1257167950862,Admitted
Bradley Inc,65.66022436375427,76.64881280314256,9.50182109565716,Admitted
Cooley-Lopez,62.01650899311357,87.33860795017034,112.02594954373993,Admitted
"Stafford, Jenkins and Clark",97.13629276598866,87.53695170725936,9.688068268069117,Admitted
Herring-Davis,88.71854972916299,81.77653779622534,81.69670024376964,Not Admitted
"Moran, Sullivan and Johnson",79.52668113875659,54.88965083257083,131.9525523395733,Not Admitted
Villarreal-Cooper,82.83408076430683,96.27977500061513,163.3900683588398,Not Admitted
Russell and Sons,75.43817269873608,60.18052810318788,354.70976166078987,Admitted
Edwards-Pitts,75.89646268038366,70.54457702025223,295.41814388115563,Admitted
Flores PLC,92.6275082718828,94.95558213807504,124.94011648061432,Admitted
Williams Ltd,97.29882090400903,79.08376382166016,68.29709549438039,Admitted
"Olsen, Hall and Perez",60.23928721011008,56.96635977664209,13.301812871424179,Admitted
"Fowler, Davis and Curtis",66.5524408419623,61.67136298466134,20.95779181703786,Not Admitted
Kirby LLC,90.33610597362153,85.81998385744683,196.46133365108236,Admitted
Walker Ltd,60.20292239540348,95.52002075530822,291.71102882322066,Admitted
"Lopez, Thomas and Le",65.05712128908033,60.104086575307875,275.90684488121997,Admitted
Stephens-Copeland,74.76501642716993,69.53554525494548,146.37912652311152,Not Admitted
Torres and Sons,99.26932561493403,98.32972222919993,95.08243816445619,Admitted
Hampton PLC,61.03096877058198,83.51840191033573,112.80296368644635,Admitted
Brooks Group,61.706447014423134,95.05910738664338,273.8372003048718,Admitted
Anderson Ltd,60.690468725295375,91.93347629959177,353.4564493303573,Admitted
Bennett Ltd,93.0621983217165,98.05746386917559,38.73945266420079,Admitted
Turner-Moore,72.14279281624977,98.46301266726465,36.05889691779873,Not Admitted
Mccann-Hernandez,65.27219093186766,62.82689738383156,305.7150747959006,Admitted
Mcdonald LLC,83.44143309813312,59.70142307952641,213.89984262747774,Not Admitted
Smith Group,80.19100393133908,80.62597969137906,259.1798371724886,Admitted
"Brown, Horne and Martinez",71.90321020191197,81.15122426115047,302.2957638960536,Admitted
Blevins-Hernandez,96.09883909571792,65.42707014291716,324.6294551840466,Not Admitted
Stewart Group,97.30876548065152,92.42968787252758,158.27950145290038,Not Admitted
Vazquez Inc,78.6888775620035,88.0208122138757,264.60037012498117,Admitted
Todd PLC,77.68823558581737,74.09268840212378,217.34890756015113,Not Admitted
Duncan-Robbins,86.04003735545248,87.285657797614,268.81687204936793,Admitted
Morrow PLC,98.17274018086314,74.55510503230076,131.32065503405622,Admitted
Sampson Inc,72.3423389392751,90.0616453001011,50.14594009737364,Not Admitted
Powers-Murray,79.05307150351587,53.73367539930709,291.7592795505116,Admitted
Kaiser-Mccarthy,84.48861080568471,65.24792674588345,131.5675445255172,Admitted
Gross-Allen,98.11241515708424,59.1148613725119,270.6072131284674,Admitted
"White, Gonzalez and Howe",99.62683867868014,88.81714942283773,22.840493141036436,Not Admitted
"Cantrell, Hull and Collier",80.25871246777443,94.03084876173412,276.38303548321903,Admitted
Adams-Thomas,64.4561702272711,94.91870987991766,348.2766271670181,Not Admitted
"Olson, Perry and Garcia",67.12849285984399,61.13100496263891,177.79614837033637,Admitted
Lopez and Sons,74.04755230441873,98.27007013945025,140.8823066959994,Admitted
"Johnson, Johnston and Murray",74.22835564479016,71.33955920926132,281.6179925366672,Admitted
"Rodriguez, Gonzalez and Hardy",79.74811193930348,98.8528298608195,251.88751228830262,Not Admitted
Paul Inc,96.6522074916411,75.93606698858571,1.5502979022040275,Admitted
Shaw-Norton,90.28123966948813,51.07569946492374,237.98376577234237,Not Admitted
Price-Watson,75.60463004306948,65.68944493500695,35.00002655259228,Admitted
"Cunningham, Liu and Mills",76.1712970299427,81.6950692004518,329.3871515580269,Not Admitted
Campos LLC,86.16260060785913,59.83260616417875,117.35682016644796,Not Admitted
"Russell, Day and Torres",78.15233604729958,61.71317505800556,83.1131887813847,Not Admitted
Mccoy Inc,82.2901670192525,63.33543128996013,271.31438321093407,Admitted
"Chambers, Baldwin and Benson",87.6307492822446,85.82258641547759,309.7060608128646,Admitted
Santana-Welch,91.28073497878478,61.534096480148875,76.76201448404973,Admitted
"King, Hull and Strong",79.6024943903005,94.0384227924803,176.68164300439366,Admitted
"Smith, Powell and Holloway",98.80402828188176,77.98762178535546,118.38398807513748,Admitted
Barker-Lawrence,60.57248292199152,94.32604752511888,140.38050418726837,Not Admitted
Smith Group,88.05696044722758,56.26404393184915,358.1604743671977,Admitted
Jordan-Tanner,98.84082979753981,99.47641374186969,308.7367856055373,Admitted
"Patel, Cole and Rasmussen",88.12200574714629,90.23060089673558,193.51126382726173,Admitted
Perez-Mcdaniel,79.34321921516508,91.9549410909843,285.4046755155165,Not Admitted
Mendez Ltd,75.13026869730679,53.75157712152264,132.4111950393041,Admitted
Morrison-Brady,84.50548990692059,86.54640051751939,329.5476132987737,Admitted
Garner-Fitzpatrick,83.75919192521125,82.8616728570586,5.32527377795478,Admitted
Luna-Price,89.2473656712331,96.89943564273418,170.8317305109705,Not Admitted
Morales Inc,81.20503007378639,58.71649951893956,97.33587796483452,Admitted
Dixon-Cruz,78.79871087396582,61.892101794403445,128.93844655158856,Not Admitted
Tran PLC,82.35508873047199,68.55292777574603,204.16122195215135,Admitted
"Jackson, Mitchell and Ellis",65.27828375971673,53.50706521789259,98.89329246258681,Admitted
Hinton PLC,95.17405953685247,61.92664555271679,271.48647391946673,Not Admitted
"Moore, Johnson and Fischer",77.10046723615687,51.57733657433491,99.79367398050037,Not Admitted
White-Lawrence,83.38586601067966,98.10503675893224,326.4723166503671,Not Admitted
"Mcintosh, Doyle and Duffy",74.70710075393394,83.02861302920445,260.9544574344523,Not Admitted
Hunt Group,87.96816380267556,57.799204137896616,324.11709263573664,Not Admitted
Andrews and Sons,81.12712971260311,80.96022258342201,117.51083396305226,Admitted
"Werner, Henry and Osborne",83.07472125662699,78.82894117712878,240.89977459655205,Not Admitted
Olsen Inc,96.22644559455281,75.19352768324944,306.2109681355627,Admitted
"Lopez, Marsh and Jones",84.25280601114382,88.6959518044987,341.3161475019111,Admitted
Holden Group,60.32797781106128,56.02005622675962,260.75306695757695,Admitted
Bishop Inc,96.93386071143284,57.89523624524046,30.681047689793793,Admitted
Vasquez Ltd,76.21232755339307,95.92609999278088,236.78653583364073,Admitted
"Casey, Prince and Brown",73.75383181736603,59.28717059554576,228.39889608553378,Not Admitted
"Smith, Lucero and White",68.45934850325585,85.88788520289623,283.7509769648348,Admitted
"Dalton, Jones and Booth",62.341776258364106,66.72281787501174,282.40931877321424,Not Admitted
"Diaz, Stephens and Ramsey",82.26522598009245,73.35771915269589,334.38428220913033,Not Admitted
Henry LLC,75.25138043536765,68.4560389415074,5.495144447962459,Admitted
Nicholson-Griffin,87.63157982547644,67.14086239085375,110.79593141069935,Not Admitted
Jones Group,97.01109764140205,91.58252375303474,283.3145745579876,Not Admitted
"Hunter, Cooper and Lewis",63.361830619349774,59.56657862404725,330.85269054235346,Admitted
Black-Williams,80.01149536348919,83.95724025225118,42.52972704950032,Not Admitted
"Khan, Carrillo and Wilkins",66.38969714367188,94.48571170024789,65.15756182998678,Not Admitted
"Montoya, Stewart and Hawkins",76.96824057162651,62.843902783360605,172.11701007789594,Admitted
Andrews-Sims,79.0984663795902,73.22594360030425,5.381751567313584,Not Admitted
"Morgan, Clark and Abbott",68.44777314374888,58.68574525347593,313.6505219046815,Admitted
"Cooper, Douglas and Estrada",80.91667571555283,69.0903470032985,347.66052392528985,Admitted
Jones-Graham,94.52164871548764,92.8295526426055,139.83996869982795,Admitted
Roberts-Campbell,97.83050525483975,57.07616575865166,69.013854202909,Admitted
Pierce-Thompson,60.95081495181,94.48192033925378,6.439049572160553,Not Admitted
"Young, Chen and Perez",83.9860573705831,77.87702631910136,328.49377414575446,Admitted
"Edwards, Guerra and Todd",88.91551005249391,98.57794389291662,303.05838031265483,Not Admitted
Roberts PLC,86.33138214060189,67.22778885595686,168.17006859946542,Admitted
"Austin, Navarro and Tucker",66.71429910872575,90.9695979329189,256.4385618061945,Not Admitted
Watkins Ltd,99.53839515824481,70.9471828691775,269.6074212948447,Not Admitted
"Roman, Pratt and Haney",83.19438587423016,70.27920755858395,22.445160866282173,Admitted
Bolton-Watson,97.45471037174866,50.42149402515762,57.55641130146669,Not Admitted
Hart-Hodges,61.31226944848522,66.47353929782672,94.49020217043511,Admitted
"Reed, Robinson and Acevedo",62.03801726957143,60.225891353125874,73.26442222610947,Admitted
Williams-Holloway,82.84183958907133,94.44944141012142,51.39852954711451,Admitted
Hall PLC,62.73496933743025,88.96198684583885,19.419143860418217,Not Admitted
Jones-Johnson,90.21160066763048,55.563559881913505,71.64400748939771,Not Admitted
"Jackson, Cisneros and Singh",60.23638437588366,74.72396162374724,294.23726903692847,Admitted
Murphy LLC,78.7092234461131,85.53284058862826,308.35918836543954,Not Admitted
Ruiz-Myers,81.45329791325724,97.13415971683862,302.67007884099803,Not Admitted
Sanchez and Sons,65.99430843148295,81.48349094076173,126.05840063547629,Not Admitted
"Perry, Sims and Stevens",70.33368357418956,99.46929824157175,342.4873235086995,Admitted
Phillips PLC,81.05054156163025,70.5450241210922,237.68319544948702,Not Admitted
Montgomery-Moreno,75.5465702335715,93.1768952725393,124.97352715278296,Not Admitted
Fowler and Sons,85.01392813789448,65.71695449926482,324.5756762428654,Admitted
Wallace-Scott,63.74363412846172,64.77445263060736,157.5978909746194,Not Admitted
"Elliott, Taylor and Small",90.23809843124562,72.49978497819654,207.6606481549279,Admitted
"Smith, Hayes and Moore",95.21462981748878,63.49829093588921,118.09990062064857,Admitted
Erickson-Miles,75.85734867096991,87.25068075273349,106.301751286863,Not Admitted
"Brown, Phillips and Short",89.63949026931925,86.85357142462496,197.42792135818377,Not Admitted
Smith Ltd,94.46646590126606,69.1672719122684,228.26654240337092,Admitted
Douglas Group,99.33857470899724,61.271600896238084,97.7650915018614,Not Admitted
Moon Ltd,60.3903398120121,66.3956386690817,133.9670619271781,Not Admitted
"Johnson, Lewis and Rivas",76.7334706645311,96.13121923797691,29.965290945449837,Admitted
"Walker, Carpenter and Brock",95.3797037840709,86.48845872949883,295.0659463365652,Admitted
Jackson LLC,68.75351522738524,59.06969464481732,36.792002113407435,Admitted
Ramos PLC,78.6871086832577,97.07095214685862,206.58806674705093,Admitted
Finley-Lee,99.57892858534501,83.25800266944205,331.845206872795,Admitted
"Franklin, Miller and Stephens",62.213211330844686,85.33518683853437,227.37809829370966,Not Admitted
Greer-Arnold,95.26180196479613,97.74453955471603,282.4806635992495,Admitted
Stewart-Woodard,73.33362848579833,95.76661956679825,272.0034734823115,Not Admitted
Thompson-Tucker,81.70127853055038,98.69113519846873,303.84788777427815,Admitted
White-Hill,71.54665060299716,56.28186174757235,332.355159683198,Admitted
"Campbell, Smith and Campbell",66.26683770076127,87.38229273233682,67.6566312524598,Admitted
Anderson Inc,95.3614635259442,99.36985646735685,200.70469736165578,Not Admitted
"Ferrell, Harris and Thomas",73.41272244687572,94.88234573976911,233.48470657673332,Not Admitted
"Hughes, Graham and Blanchard",90.98735222370648,84.39773684105552,249.00036785099158,Admitted
Keith-Brown,92.45876352024308,85.6187938179657,59.15590426518354,Not Admitted
Robinson and Sons,81.41066670760247,68.99857637685177,152.3969288667811,Not Admitted
"Parker, Johnson and Castro",97.24069036645236,72.83991129710105,330.0245948418851,Admitted
"Holder, Blevins and Hayes",93.85288098192667,57.24975628799719,142.4873358947232,Admitted
White Inc,66.19441276375508,82.74833742422459,231.385875557734,Admitted
Mason Inc,72.88952373747429,62.525803925235465,263.0229659111955,Not Admitted
Collins PLC,67.23387447125107,54.10821987381833,91.13296985252416,Not Admitted
Clark Ltd,79.53581146211413,96.75670338804176,12.280663472504049,Not Admitted
Fletcher-Luna,74.32643813055037,79.05081314570296,75.89672939320093,Not Admitted
Jackson PLC,80.82105163810014,79.20231031120036,325.75343571365624,Not Admitted
Morris-Madden,94.83052736818894,55.40858591427942,282.7262955540973,Not Admitted
Lewis-Thompson,81.10850343529968,98.3662659483974,296.3224398717209,Not Admitted
Holloway-Allen,83.16155618927745,71.30893285236513,303.87756145290757,Admitted
"Brown, English and Miller",81.43470162929175,52.73250625217266,16.732639706240484,Admitted
Floyd Ltd,67.29950912069836,73.07066309913175,341.22325808575306,Admitted
"Bradford, Coleman and Hart",79.7519079661005,95.6724141331677,119.44064467327311,Admitted
Doyle Ltd,79.341828193935,73.21823429577701,281.4335611739472,Not Admitted
Turner PLC,60.61883035690169,51.72127961490951,71.46913777377145,Admitted
Bautista Group,70.70377371144512,57.883580284817,47.4423851393714,Not Admitted
Schroeder Inc,91.48255631888556,77.9328173939174,35.72258156277471,Not Admitted
"Hayden, Greene and Fox",88.79778889926192,63.994149435983275,357.39141292435573,Not Admitted
Page-Espinoza,74.49513447475603,75.71938162067954,101.9413726829117,Not Admitted
Allen Ltd,72.71777979695956,88.83914689278372,92.91207214458387,Admitted
Sparks PLC,65.50508408251389,99.05505096201955,318.64170726896134,Not Admitted
Taylor Ltd,60.127390188414424,98.15505162283607,175.47708940987468,Admitted
"Mays, Chang and Petty",65.83108848876604,83.17339810277196,198.31625219327728,Not Admitted
"Villanueva, Rodriguez and Hill",98.45245514245511,93.68450493434719,174.05064257071075,Admitted
Jacobs LLC,80.90528016266401,59.73370602755799,205.9359988834114,Admitted
Harvey and Sons,63.55420135443347,64.37414456426401,345.3890069400249,Admitted
Wagner Group,81.28084283894958,81.4137558251501,230.42795287792478,Not Admitted
"Meadows, Perry and Pham",93.41350165975302,85.27424782741016,8.575190679421674,Not Admitted
Juarez-Johnson,98.113383950182,93.51841628600735,20.345637033820086,Not Admitted
Guzman-Chase,66.20122473854279,90.08374884161178,309.5623247964687,Admitted
Hurley Inc,88.31840433233624,60.111279362258315,9.803158299311093,Not Admitted
Hernandez-Anderson,67.73524664879803,77.74237856668893,144.22852777115983,Admitted
Hanson-Hayes,99.47852113319124,52.763469177239,327.36916949096627,Not Admitted
"Hughes, Collier and Salazar",92.83527071842144,92.85208570047669,252.7318607812379,Admitted
Powell-Montoya,85.20892578496911,63.75178976624559,252.71330103915466,Admitted
"Petersen, Walker and Hayden",86.2953142903384,98.90109408563139,44.22490307875809,Not Admitted
Martin-Chaney,83.91478307559417,98.65161075485463,107.79278486869845,Admitted
"Wilson, Gillespie and Salazar",82.57170621427895,91.90657028391715,32.12511384924825,Admitted
Summers-Smith,60.41102971826781,57.868101294529254,20.46725940076422,Not Admitted
"Cuevas, Duncan and Lozano",97.42179534827395,97.74526844853779,241.06016227105738,Admitted
Griffith-Walker,92.94923398579807,54.39172617224815,26.086915193046497,Admitted
Ross Ltd,70.07154197890716,65.69472057408306,84.23188752293288,Not Admitted
"Lopez, Stone and Smith",62.5443256317761,59.0449226480249,325.8549432595687,Admitted
Levy-Jones,72.33583340698775,74.22959185930475,315.4318211954629,Admitted
"Hanna, Sellers and Olson",68.5624983559762,76.72383759084033,266.6063172086365,Admitted
Horton-Perry,87.55165391034686,51.530842754926695,113.1515686194183,Not Admitted
Keller Ltd,85.54498644368459,68.16170876905275,77.30230633058297,Admitted
Diaz-Hutchinson,85.9834010159146,81.78069416411418,94.2007491777525,Admitted
Zimmerman-Fuller,64.49592792422958,97.08384388285006,63.13581564438286,Not Admitted
Smith LLC,89.05095492982069,52.695239718347935,332.3622073498173,Admitted
Mcdowell and Sons,68.09349754291561,63.96486381940067,216.81716504329918,Admitted
"Henry, Wolfe and Snyder",87.63496108498889,97.3803014681908,339.66607283922093,Not Admitted
"Baxter, Smith and Sheppard",85.42027772750689,87.78658143533092,162.92919306471381,Admitted
